Name,Categorical
วิศวกรรมน้ำและบำบัดน้ำเสีย: เทคโนโลยีชีวเคมี ,วิศวกรรมและสถาปัตยกรรม
การดูแลแบบประคับประคอง ,ธุรกิจและการบริหารจัดการ
ภาษาเกาหลีเบื้องต้น 1 세계로 통하는 한국어 : 초급 Ⅰ ,ภาษาและการสื่อสาร
จิตวิทยาประยุกต์ในการทำงาน เพื่อความสำเร็จ ความสุข และความมั่งคั่ง ,ทักษะชีวิตและการพัฒนาตนเอง
บริการสารสนเทศสำหรับองค์กรดิจิทัล ,คอมพิวเตอร์และเทคโนโลยี
การตลาดเชิงสร้างสรรค์,ธุรกิจและการบริหารจัดการ
สถิติพื้นฐานสำหรับการวิเคราะห์ ข้อมูล-สถิติเชิงพรรณนา ,คณิตศาสตร์และวิทยาศาสตร์
การออกแบบองค์กรดิจิทัล ,คอมพิวเตอร์และเทคโนโลยี
การคิดสร้างสรรค์และนวัตกรรม ,คอมพิวเตอร์และเทคโนโลยี
เทคโนโลยีอาหารและกระบวนการผลิตยุคใหม่ ,ธุรกิจและการบริหารจัดการ
สตาร์ทอัพชุมชน ,ธุรกิจและการบริหารจัดการ
อาเซียนศึกษา ,สังคม การเมืองการปกครอง
ศิลปะ หัตกรรม และการละเล่นพื้นบ้านภาคใต้ ,ศิลปวัฒนธรรมและศาสนา
เทคโนโลยี บล็อกเชนและ บิทคอยน์ ,คอมพิวเตอร์และเทคโนโลยี
การจัดการศึกษาโดยครอบครัว ,การศึกษาและการฝึกอบรม
พฤติกรรมองค์การและการจัดการทรัพยากรมนุษย์ ,ธุรกิจและการบริหารจัดการ
การจัดการบริการสุขภาพปฐมภูมิ หัวข้อ การบริหารงานสาธารณสุขในภาวะฉุกเฉิน ,สุขภาพและการแพทย์
การสร้างความรู้สึกดีให้ตนเอง ,สุขภาพและการแพทย์
การตัดต่อวีดิทัศน์ดิจิทัลด้วยโปรแกรม Sony Vegas ,คอมพิวเตอร์และเทคโนโลยี
ความคิดสร้างสรรค์และนวัตกรรม ,ทักษะชีวิตและการพัฒนาตนเอง
ภาษาไทยเพื่อการสื่อสารร่วมสมัย ,ภาษาและการสื่อสาร
การออกแบบวงจรดิจิทัล ,วิศวกรรมและสถาปัตยกรรม
การดูแลผู้ป่วยวาระสุดท้ายและครอบครัว ,สุขภาพและการแพทย์
จิตวิทยากับชีวิตประจำวัน ,ทักษะชีวิตและการพัฒนาตนเอง
ประวัติและตรวจร่างกาย…ใครคิดว่าไม่สำคัญ?,สุขภาพและการแพทย์
ขนมไทยพื้นบ้านภาคใต้ ,ศิลปวัฒนธรรมและศาสนา
สตาร์ทอัพอังกฤษ ,ธุรกิจและการบริหารจัดการ
อาหารไทยเพื่อสุขภาพและการชะลอวัย ,สุขภาพและการแพทย์
ตั้งกรอบโจทย์อย่างไรให้โดนใจลูกค้า ,ธุรกิจและการบริหารจัดการ
การออกแบบการเรียนรู้สำหรับองค์กรภาคธุรกิจ ,ธุรกิจและการบริหารจัดการ
เทคนิคการออกแบบและตกแต่งบ้านประหยัดพลังงาน ,วิศวกรรมและสถาปัตยกรรม
การเขียนโครงร่างการวิจัยทางคลินิก ,การศึกษาและการฝึกอบรม
การพัฒนาหุ่นยนต์เพื่อการศึกษาเบื้องต้น ,วิศวกรรมและสถาปัตยกรรม
การใช้ภาษาไทย ,ภาษาและการสื่อสาร
มาตรฐานการผลิตสื่อดิจิทัล ,คอมพิวเตอร์และเทคโนโลยี
โรคเรื้อรังและกลุ่มอาการที่พบบ่อยสำหรับผู้ดูแลผู้สูงอายุ ,สุขภาพและการแพทย์
เกษตรกรยุคใหม่ต้องรู้ ,เกษตรและสิ่งแวดล้อม
เทคโนโลยีระบบรางและการจัดการการขนส่ง ,วิศวกรรมและสถาปัตยกรรม
สื่อสมัยใหม่เพื่อการเรียนรู้ ,การศึกษาและการฝึกอบรม
ฉลาดด้วยข้อมูล ใครๆ ก็ทำได้ (คลังข้อมูลและการทำเหมืองข้อมูล) ,คอมพิวเตอร์และเทคโนโลยี
เทคโนโลยีพลังงานหมุนเวียน ,วิศวกรรมและสถาปัตยกรรม
กิจกรรมเคลื่อนไหวเชิงสร้างสรรค์สําหรับเด็กปฐมวัย,การศึกษาและการฝึกอบรม
การนอนหลับกับสุขภาพดี ,สุขภาพและการแพทย์
การรายงานอุบัติเหตุและเหตุการณ์บนเรือ (การเขียนรายงาน) ,ภาษาและการสื่อสาร
การบริการผู้โดยสารบนเครื่องบิน ,ธุรกิจและการบริหารจัดการ
คลังข้อมูล ,คอมพิวเตอร์และเทคโนโลยี
ช่องปากและฟันตรวจเองได้ง่ายนิดเดียว ฉบับทันตแพทย์สอน ,สุขภาพและการแพทย์
การวิเคราะห์ความมั่นคงปลอดภัยเครือข่ายองค์กร ประเมินและจัดการช่องโหว่ ,คอมพิวเตอร์และเทคโนโลยี
ภาษาเกาหลี ระดับกลาง 3 ,ภาษาและการสื่อสาร
การผลิตสื่ออีเลิร์นนิงเพื่อการศึกษา ,การศึกษาและการฝึกอบรม
ภาษาเกาหลีเบื้องต้น 2 세계로 통하는 한국어 : 초급 Ⅱ ,ภาษาและการสื่อสาร
การสอนแบบ Active Learning ในห้องเรียน ที่สนุกและใช้งานได้ทันที ,การศึกษาและการฝึกอบรม
การจัดการภาวะฉุกเฉินในผู้สูงอายุ ,สุขภาพและการแพทย์
ภาษาไทยเพื่อการพัฒนาปัญญา ,ภาษาและการสื่อสาร
เทคนิคการจัดการความเครียด ,สุขภาพและการแพทย์
การออกแบบการนำเสนองานอย่างสร้างสรรค์และทันสมัย ,คอมพิวเตอร์และเทคโนโลยี
เทคนิคการออกแบบและก่อสร้างอาคารที่เป็นมิตรต่อสิ่งแวดล้อม ,วิศวกรรมและสถาปัตยกรรม
ภูมิคุ้มกันวิทยา ,สุขภาพและการแพทย์
ชุมชนคนเกษตร 4.0 ,เกษตรและสิ่งแวดล้อม
การจัดการสาธารณภัย...ใครๆ ก็ต้องรู้ ,ธุรกิจและการบริหารจัดการ
ง่าย สบาย กับการอธิบายกราฟเป็นภาษาอังกฤษ ,ภาษาและการสื่อสาร
การจัดการการท่องเที่ยวและการบริการในยุค 4.0 ,ธุรกิจและการบริหารจัดการ
เทคโนโลยีสารสนเทศเพื่อชีวิต ,คอมพิวเตอร์และเทคโนโลยี
ไมโครซอฟท์ เพาเวอร์ แอป (เครื่องมือสร้างบิซิเนสแอป โดยไม่ต้องเขียนโค้ด) ,คอมพิวเตอร์และเทคโนโลยี
การออกแบบการเรียนการสอนผ่านเว็บ ,การศึกษาและการฝึกอบรม
ทักษิณศึกษา ,ศิลปวัฒนธรรมและศาสนา
การออกแบบพื้นที่จัดเก็บสินค้าสำหรับธุรกิจขนาดกลางและธุรกิจค้าปลีกในยุค 4.0 ,ธุรกิจและการบริหารจัดการ
คอมพิวเตอร์กราฟิก ,คอมพิวเตอร์และเทคโนโลยี
คณิตพิชิต O-NET (ระดับม.ต้น),การศึกษาและการฝึกอบรม
การออกแบบสิ่งแวดล้อมเพื่อเราทุกคน ,วิศวกรรมและสถาปัตยกรรม
วิทยาการข้อมูลเบื้องต้น ,คอมพิวเตอร์และเทคโนโลยี
มนุษย์กับสิ่งแวดล้อม,เกษตรและสิ่งแวดล้อม
พฤติกรรมการดูแลตนเองเพื่อป้องกันโรคเบาหวาน ,สุขภาพและการแพทย์
ชุมชนเทคโนโลยี ,คอมพิวเตอร์และเทคโนโลยี
เรียน “ญี่ปุ่นปัจจุบัน” ผ่านระบบ e-learning  ,ภาษาและการสื่อสาร
การบริหารผลงานเพื่อองค์กรประสิทธิภาพสูง ,ทักษะชีวิตและการพัฒนาตนเอง
Data + AI for Communication: การฝึกปฏิบัติการการใช้เครื่องมือ Data + AI พื้นฐานสำหรับการสื่อสารการตลาด ,ธุรกิจและการบริหารจัดการ
การออกแบบสื่อเพื่อการโฆษณา ,ธุรกิจและการบริหารจัดการ
เทคโนโลยีสารสนเทศสำหรับการจัดการจดหมายเหตุและสารสนเทศมรดกทางวัฒนธรรม,คอมพิวเตอร์และเทคโนโลยี
Data + AI for Communication: การใช้ Data + AI เพื่อเสริมพลังการสื่อสารการตลาด ,ธุรกิจและการบริหารจัดการ
การรู้เท่าทันสื่อ ,ภาษาและการสื่อสาร
กฎหมายอาญาภาคความผิด (มาตรา 309 – 398) ,สังคม การเมืองการปกครอง
การจัดการเรียนการสอนออนไลน์ ,การศึกษาและการฝึกอบรม
การสรรหาและคัดเลือกบุคลากร ,ธุรกิจและการบริหารจัดการ
อาหารอาเซียน ,ศิลปวัฒนธรรมและศาสนา
การหลอมรวมเทคโนโลยีสมัยใหม่ ,คอมพิวเตอร์และเทคโนโลยี
การดูแลสุขภาวะผู้สูงอายุในศตวรรษที่ 21 ,สุขภาพและการแพทย์
การรู้สารสนเทศ ,คอมพิวเตอร์และเทคโนโลยี
เทคโนโลยีและนวัตกรรมการศึกษา,การศึกษาและการฝึกอบรม
พลิกโฉมโลกด้วยดิจิทัล ,คอมพิวเตอร์และเทคโนโลยี
เทคนิคการนำเสนองานวิชาการ ,ทักษะชีวิตและการพัฒนาตนเอง
ระบบการสอนอัจฉริยะ ,การศึกษาและการฝึกอบรม
อาชีวอนามัยและความปลอดภัย ,สุขภาพและการแพทย์
ภูมิปัญญาไทย กับการพัฒนาการเกษตรอย่างยั่งยืน ,สุขภาพและการแพทย์
ภูมิปัญญาอีสานจากใบลาน ,ภาษาและการสื่อสาร
ความรู้เกี่ยวกับการบังคับคดีให้หน่วยงานของรัฐ ,สังคม การเมืองการปกครอง
พื้นที่จุดประกาย ,สังคม การเมืองการปกครอง
งานสื่อสารสาธารณะเพื่อหาทางออกของสังคม ,ทักษะชีวิตและการพัฒนาตนเอง
สถาปัตยกรรมกับการพัฒนาที่ยั่งยืน ภาคบทบาทของประชาชน ,วิศวกรรมและสถาปัตยกรรม
การจัดการธุรกิจการค้าสมัยใหม่ในยุค Thailand 4.0 ,ธุรกิจและการบริหารจัดการ
เครื่องมือ Cloud-Based ศตวรรษ 21 เพื่อชีวิตประจำวัน ,คอมพิวเตอร์และเทคโนโลยี
การผลิตสื่อโฆษณาที่ปลอดภัยและสร้างสรรค์ : การสื่อสารโฆษณา ,ธุรกิจและการบริหารจัดการ
วิทย์เพื่อชีวิต ,ทักษะชีวิตและการพัฒนาตนเอง
เทคนิคการบริหารสินค้าสำหรับร้านค้าออนไลน์ ,ธุรกิจและการบริหารจัดการ
จิตวิทยาข้ามวัฒนธรรมในที่ทำงาน ,ธุรกิจและการบริหารจัดการ
เกษตรอัจฉริยะในคอนโดฯ ,เกษตรและสิ่งแวดล้อม
เทคโนโลยีการเงิน ,ธุรกิจและการบริหารจัดการ
กฎหมายอาญา ภาคทั่วไป ,สังคม การเมืองการปกครอง
โปรแกรม Python สำหรับการคำนวณทางวิทยาศาสตร์ ,การศึกษาและการฝึกอบรม
การศึกษาที่เน้นผลลัพธ์การเรียนรู้ ,การศึกษาและการฝึกอบรม
ศาสตร์และศิลป์ในการสร้างความสุข ,ทักษะชีวิตและการพัฒนาตนเอง
อักษรไทยน้อยเบื้องต้น ,ภาษาและการสื่อสาร
กระบวนการการผลิตเห็ดและพืชผักตามแนวทางเกษตรปลอดภัย (Mushroom and vegetable production via Good Agricultural Practice (GAP)),เกษตรและสิ่งแวดล้อม
กล้วยไม้วิทยา ,เกษตรและสิ่งแวดล้อม
ทักษะงานช่างพื้นฐาน ,วิศวกรรมและสถาปัตยกรรม
การเข้าใจดิจิทัล ,คอมพิวเตอร์และเทคโนโลยี
กระบวนการคิดเชิงออกแบบกับการพัฒนาทักษะการเรียนรู้ในศตวรรษที่ 21 ,การศึกษาและการฝึกอบรม
ไมโครซอฟท์ เวิร์ด (โปรแกรมประมวลผลคำเพื่องานเอกสาร) ,คอมพิวเตอร์และเทคโนโลยี
การออกแบบและพัฒนาสื่อดิจิทัลและนวัตกรรมเพื่อการเรียนรู้ ,การศึกษาและการฝึกอบรม
ความคิดสร้างสรรค์สำหรับการออกแบบสื่อเสียง ,การศึกษาและการฝึกอบรม
Coding for All - ฉลาดคิด พิชิตยุคดิจิทัล ,คอมพิวเตอร์และเทคโนโลยี
การคิดสร้างสรรค์และนวัตกรรม ,ทักษะชีวิตและการพัฒนาตนเอง
การพูด การแสดงทางวิทยุกระจายเสียงอย่างมืออาชีพ ,ทักษะชีวิตและการพัฒนาตนเอง
การตัดสินใจโดยการขับเคลื่อนด้วยข้อมูล ,คอมพิวเตอร์และเทคโนโลยี
เตรียมเกษียณเพื่อเสริมสร้างพฤฒพลัง ,ธุรกิจและการบริหารจัดการ
การออกแบบและพัฒนาเว็บไซต์เพื่อรองรับการแสดงผลบนอุปกรณ์เคลื่อนที่ ,คอมพิวเตอร์และเทคโนโลยี
การให้ความรู้ผู้ป่วยโรคไตเรื้อรังเบื้องต้น ,สุขภาพและการแพทย์
เตรียมสหกิจศึกษา ,การศึกษาและการฝึกอบรม
ภาษาเกาหลี ระดับกลาง 2 ,ภาษาและการสื่อสาร
หลักการดีๆ ที่นักOD…ควรมีตามมาตรฐานคุณวุฒิวิชาชีพ ,ธุรกิจและการบริหารจัดการ
การออกแบบสื่ออินเตอร์แอคทีฟเพื่อการศึกษา ,การศึกษาและการฝึกอบรม
สื่อสารด้วยภาษากัมพูชาง่ายนิดเดียว ,ภาษาและการสื่อสาร
การเขียนโปรแกรมคอมพิวเตอร์เบื้องต้นสำหรับระบบสารสนเทศ ,คอมพิวเตอร์และเทคโนโลยี
วิทยาการข้อมูลและการประยุกต์ใช้ ,คอมพิวเตอร์และเทคโนโลยี
การจัดการคลังสินค้า ,ธุรกิจและการบริหารจัดการ
นาฏมวยไทย ,ศิลปวัฒนธรรมและศาสนา
การเป็นผู้นำการเปลี่ยนแปลงที่มีประสิทธิภาพ ,คอมพิวเตอร์และเทคโนโลยี
กระบวนการเลี้ยงปลาและการแปรรูปเพิ่มมูลค่าผลผลิตจากปลาและสาหร่าย ,เกษตรและสิ่งแวดล้อม
การเป็นข้าราชการ ,สังคม การเมืองการปกครอง
วิทยาลัยชุมชนกับการเป็นพลเมือง ,สังคม การเมืองการปกครอง
สำรวจแนวคิดหลักของจิตวิทยา,ทักษะชีวิตและการพัฒนาตนเอง
ทักษะพื้นฐานการซ่อมบำรุงรักษาวัสดุอุปกรณ์ในสำนักงาน ,ธุรกิจและการบริหารจัดการ
การต่อต้านการทุจริตในประเทศไทย ,สังคม การเมืองการปกครอง
ภาษาอังกฤษเตรียมพร้อม ,ภาษาและการสื่อสาร
การพัฒนาสภาพแวดล้อมในสังคมแห่งการเรียนรู้ยุคใหม่ ,การศึกษาและการฝึกอบรม
เทคโนโลยีเกษตร สำหรับคนเกษตร ,เกษตรและสิ่งแวดล้อม
เทคโนโลยีฮาร์ดแวร์และซอฟต์แวร์ระบบ ,คอมพิวเตอร์และเทคโนโลยี
ไอทีเพื่อการศึกษา ,การศึกษาและการฝึกอบรม
การดูแลผู้ที่ได้รับเคมีบำบัด ,สุขภาพและการแพทย์
การจัดสภาพแวดล้อมที่ดี ถูกสุขอนามัย ปลอดภัย และน่าอยู่ สำหรับผู้ดูแลผู้สูงอายุ ,สุขภาพและการแพทย์
ระบบราชการไทย ,สังคม การเมืองการปกครอง
จากแนวคิดวิจัยสู่การปฏิบัติ ,การศึกษาและการฝึกอบรม
ศิลปะศิลปากร ,ศิลปวัฒนธรรมและศาสนา
ปรัชญาอาชีวศึกษาและความเป็นครู ,การศึกษาและการฝึกอบรม
หลักการบัญชี ,ธุรกิจและการบริหารจัดการ
ระบบสารสนเทศทางบัญชี ,คอมพิวเตอร์และเทคโนโลยี
การขับเคลื่อนการเปลี่ยนผ่านสู่รัฐบาลดิจิทัล ,คอมพิวเตอร์และเทคโนโลยี
การบริการอาหารและเครื่องดื่ม ,ธุรกิจและการบริหารจัดการ
เครื่องมือพื้นฐานในการศึกษาชุมชน ,สุขภาพและการแพทย์
เส้นสายใยรัก ผ้าทอหันทราย ,ศิลปวัฒนธรรมและศาสนา
โอกาสทางธุรกิจในเอเชียตะวันออก｜Business Opportunities in East Asia｜擁抱東亞新商機/拥抱东亚新商机,ธุรกิจและการบริหารจัดการ
บาติก 1 ,ศิลปวัฒนธรรมและศาสนา
การรายงานอุบัติเหตุและเหตุการณ์บนเรือ (การโต้ตอบบทสนทนา) ,ภาษาและการสื่อสาร
การผลิตหนังสั้น ,คอมพิวเตอร์และเทคโนโลยี
ภาษาญี่ปุ่นเพื่ออาชีพผู้ดูแลผู้สูงอายุ ,ภาษาและการสื่อสาร
การพัฒนาบุคลิกภาพเพื่อเพิ่มประสิทธิภาพการทำงานของ บุคลากรภาครัฐ,การศึกษาและการฝึกอบรม
ปัญหาพิเศษ ,การศึกษาและการฝึกอบรม
พูดภาษาจีน 300 ประโยค ,ภาษาและการสื่อสาร
การพยาบาลมารดาทารกและผดุงครรภ์ ,สุขภาพและการแพทย์
นวัตกรรมและเทคโนโลยีสารสนเทศเพื่อการสื่อสารการศึกษาและการเรียนรู้ ,การศึกษาและการฝึกอบรม
จิตวิทยาพัฒนาการวัยสูงอายุ ,สุขภาพและการแพทย์
การออกแบบสื่อเสียงเพื่อการศึกษา ,การศึกษาและการฝึกอบรม
การดูแลผู้ป่วยโรคเบาหวาน ,สุขภาพและการแพทย์
ภาวะผู้นำการเปลี่ยนแปลงในศตวรรษที่ 21 ,สังคม การเมืองการปกครอง
การออกแบบโมเดลและงานพิมพ์ 3D เพื่อการบริการชุมชน ,วิศวกรรมและสถาปัตยกรรม
Cloud Technology Tools เพื่อการเรียนรู้ในศตวรรษที่ 21 ,คอมพิวเตอร์และเทคโนโลยี
กลยุทธ์การสร้างชุมชนการเรียนรู้ด้วย PLC ,การศึกษาและการฝึกอบรม
นวัตกรรมการสร้างสรรค์บ้านยั่งยืน ,วิศวกรรมและสถาปัตยกรรม
ภาษาเกาหลี ระดับกลาง 3 ,ภาษาและการสื่อสาร
ศิลปกรรมท้องถิ่นชายแดนใต้ ,ศิลปวัฒนธรรมและศาสนา
คณิตศาสตร์วิศวกรรม II ,คณิตศาสตร์และวิทยาศาสตร์
การจัดการเชิงกลยุทธ์และการตลาดในยุคโลกาภิวัตน์ ,ธุรกิจและการบริหารจัดการ
อาหารตะวันตกเบื้องต้น ,ศิลปวัฒนธรรมและศาสนา
อาหารล้านนา ,ศิลปวัฒนธรรมและศาสนา
พลเมืองดิจิทัล ,สังคม การเมืองการปกครอง
ลาบแป้ ,ศิลปวัฒนธรรมและศาสนา
เทคโนโลยีดิจิทัลและนวัตกรรม ,คอมพิวเตอร์และเทคโนโลยี
ศาสตร์และศิลป์ของการเขียนโปรแกรมคอมพิวเตอร์ ,คอมพิวเตอร์และเทคโนโลยี
การขึ้นโมเดลสามมิติด้วยเทคโนโลยีแบบจำลองสารสนเทศอาคาร ,คอมพิวเตอร์และเทคโนโลยี
การออกแบบและผลิตแผ่นพับด้วยโปรแกรม Inkscape ,คอมพิวเตอร์และเทคโนโลยี
ศิลปะการเล่าเรื่องข้ามสื่อ ,ภาษาและการสื่อสาร
ภาษา Python สำหรับวิทยาการข้อมูล ,คอมพิวเตอร์และเทคโนโลยี
Open Mind! สื่อใหม่แบบข้ามขอบเขตและการประชาสัมพันธ์อย่างสร้างสรรค์,ธุรกิจและการบริหารจัดการ
คณิตศาสตร์เพื่อคอมพิวเตอร์ ,คณิตศาสตร์และวิทยาศาสตร์
อารยธรรมและภูมิปัญญาท้องถิ่น ,ศิลปวัฒนธรรมและศาสนา
การเตรียมสอบประกาศนียบัตร MOS : MS PowerPoint 2013 ,คอมพิวเตอร์และเทคโนโลยี
การใช้เทคโนโลยีเพื่อการพัฒนางานวิจัย ,การศึกษาและการฝึกอบรม
วินัยและจรรยาข้าราชการ ,ทักษะชีวิตและการพัฒนาตนเอง
เทคโนโลยีสารสนเทศในยุคดิจิทัล ,คอมพิวเตอร์และเทคโนโลยี
วิจัยทางธุรกิจ ,ธุรกิจและการบริหารจัดการ
การสร้างสรรค์เนื้อหาด้วยข้อมูล (Data) เพื่อเพิ่มคุณค่าขององค์กร ,ธุรกิจและการบริหารจัดการ
ระบบการเรียนรู้และการสื่อสารผ่านระบบเครือข่าย ,การศึกษาและการฝึกอบรม
การดูแลผู้สูงอายุ...เพื่อป้องกันภาวะความเสี่ยงจากโรคสมองเสื่อม ,สุขภาพและการแพทย์
การบริหารความก้าวหน้าในสายอาชีพ ,ธุรกิจและการบริหารจัดการ
การสอบถามข้อมูลเรือและข้อมูลการเข้าเมือง ,ภาษาและการสื่อสาร
การสร้างอินโฟกราฟิกเบื้องต้น (Basic Infographic),คอมพิวเตอร์และเทคโนโลยี
เครือข่ายและความปลอดภัย ,คอมพิวเตอร์และเทคโนโลยี
ไพธอนเพื่อการวิเคราะห์ข้อมูลและการนำเสนอข้อมูล (ตอนที่ 2) ,คอมพิวเตอร์และเทคโนโลยี
การจัดทำแผนพัฒนารายบุคคล ,ทักษะชีวิตและการพัฒนาตนเอง
การใช้จุลินทรีย์เพื่อการเกษตร ,เกษตรและสิ่งแวดล้อม
กลยุทธ์การตลาดเชิงเนื้อหาในสื่อสังคมเพื่อการจัดการแบรนด์ออนไลน์ ,ธุรกิจและการบริหารจัดการ
เส้นสายใยรัก ผ้าทอหันทราย ,ศิลปวัฒนธรรมและศาสนา
การพยาบาลผู้สูงอายุ ,สุขภาพและการแพทย์
Technology Enhanced Learning for Digital Era (English Caption),คอมพิวเตอร์และเทคโนโลยี
การถ่ายภาพรังสีภายในช่องปากทางทันตกรรม ,สุขภาพและการแพทย์
การเขียนโปรแกรม R สำหรับวิทยาการข้อมูล ,คอมพิวเตอร์และเทคโนโลยี
ภาวะผู้นำกับความรับผิดชอบต่อหน้าที่ ,คอมพิวเตอร์และเทคโนโลยี
การบริหารกิจการบ้านเมืองที่ดี ,สังคม การเมืองการปกครอง
จิตวิทยาวัฒนธรรม ,ศิลปวัฒนธรรมและศาสนา
การออกแบบเพื่อคนทั้งมวล ,ทักษะชีวิตและการพัฒนาตนเอง
การผลิตเชื้อเพลิงแข็งและถ่านกัมมันต์จากวัสดุเหลือทิ้งทางการเกษตร ,คณิตศาสตร์และวิทยาศาสตร์
Cultural Management for Tourism (English Caption),ศิลปวัฒนธรรมและศาสนา
การออกแบบภาพอนิเมชั่นด้วยโปรแกรม Blender 3D ,คอมพิวเตอร์และเทคโนโลยี
ความรู้เบื้องต้นเกี่ยวกับการลงทุนอย่างเป็นระบบ ,ธุรกิจและการบริหารจัดการ
ความรู้เกี่ยวกับกระบวนการยุติธรรมทางอาญาในการดำเนินคดีความผิดเกี่ยวกับการค้ามนุษย์ ,สังคม การเมืองการปกครอง
พืชพรรณสำหรับการออกแบบสวนและสภาพแวดล้อม ,เกษตรและสิ่งแวดล้อม
การปฏิบัติงานบนเรือ ,ภาษาและการสื่อสาร
การจัดการท่องเที่ยวเพื่อความสนใจพิเศษ ,ธุรกิจและการบริหารจัดการ
ธรรมชาติ สุขภาพ และพฤติกรรมมนุษย์ ,เกษตรและสิ่งแวดล้อม
ปฏิบัติการคิดเชิงออกแบบนวัตกรรม ,ธุรกิจและการบริหารจัดการ
หลักสูตรการบริหารจัดการข้อมูลออนไลน์ด้วย Google Drive ,คอมพิวเตอร์และเทคโนโลยี
การวิเคราะห์ข้อมูลเบื้องต้นด้วยเวก้า ,คอมพิวเตอร์และเทคโนโลยี
การผลิตวีดิทัศน์สำหรับรายวิชา Thai MOOC ,การศึกษาและการฝึกอบรม
เทคโนโลยีคอมพิวเตอร์และการจัดการสารสนเทศเพื่อสังคมและเศรษฐกิจ ,คอมพิวเตอร์และเทคโนโลยี
เทคนิคการวิเคราะห์เบื้องต้น (ตอนที่ 1) ,คณิตศาสตร์และวิทยาศาสตร์
หลักพุทธธรรม ,ศิลปวัฒนธรรมและศาสนา
การวิจัยด้านเทคโนโลยีสารสนเทศทางธุรกิจ ,คอมพิวเตอร์และเทคโนโลยี
การจัดการตลาดชุมชนสมัยใหม่ ,ธุรกิจและการบริหารจัดการ
ทักษะการสื่อสารกับผู้ป่วยสำหรับเภสัชกร ,สุขภาพและการแพทย์
ภาษาเกาหลี 1-2 ,ภาษาและการสื่อสาร
데이터 과학과 그 응용 ,คอมพิวเตอร์และเทคโนโลยี
ความหลากหลายในสถานที่ทำงาน ,ทักษะชีวิตและการพัฒนาตนเอง
ภาษาเกาหลี 1-1 ,ภาษาและการสื่อสาร
พิษวิทยาอาชีวอนามัยพื้นฐาน ,สุขภาพและการแพทย์
การออกเสียงภาษาอังกฤษและสัทศาสตร์ภาษาอังกฤษเบื้องต้นสำหรับครูสอนภาษาอังกฤษ ,ภาษาและการสื่อสาร
การจัดเตรียมเนื้อหาสำหรับสื่อสังคมออนไลน์ และเว็บไซต์ ,ธุรกิจและการบริหารจัดการ
พื้นฐานการนำเสนอข้อมูลด้วยภาพ ,คณิตศาสตร์และวิทยาศาสตร์
การสร้างพันธมิตรและการส่งเสริมการทำงานแบบประชารัฐ ,ธุรกิจและการบริหารจัดการ
การจัดการสื่อสังคมออนไลน์ และการตลาดเชิงเนื้อหาบนพื้นฐานของข้อมูล ,ธุรกิจและการบริหารจัดการ
การดูแลผู้สูงอายุ 2 ,สุขภาพและการแพทย์
การเป็นพลเมือง ,สังคม การเมืองการปกครอง
โยคะเพื่อสุขภาพ ,สุขภาพและการแพทย์
แอนิเมชัน 3 มิติ ขั้นเริ่มต้น-ขั้นกลาง ,คอมพิวเตอร์และเทคโนโลยี
การพัฒนาวิชาและจัดการเรียนการสอนออนไลน์บนระบบ OPEN EDX,การศึกษาและการฝึกอบรม
การจัดการสื่อสารในภาวะวิกฤต (Crisis Communication),สังคม การเมืองการปกครอง
การขึ้นทะเบียนยาสามัญในต่างประเทศ ,สุขภาพและการแพทย์
ระบบสนับสนุนการตัดสินใจสำหรับองค์กรธุรกิจ ,ทักษะชีวิตและการพัฒนาตนเอง
การสร้างวินัยในตนเอง...สำหรับเด็กปฐมวัย ,การศึกษาและการฝึกอบรม
การออกแบบกราฟิกโดยใช้คอมพิวเตอร์ ,คอมพิวเตอร์และเทคโนโลยี
การเสริมสร้างศักยภาพสำหรับผู้ให้การดูแลระยะยาวแก่ผู้ป่วยภาวะสมองเสื่อม ,สุขภาพและการแพทย์
การออกแบบสร้างสรรค์แฟชั่นเบื้องต้น ,ศิลปวัฒนธรรมและศาสนา
ภาษาและความรู้วัฒนธรรมสำหรับครู ,ภาษาและการสื่อสาร
การออกแบบมาสคอตและการพิมพ์สามมิติ ,คอมพิวเตอร์และเทคโนโลยี
การออกแบบสื่อสามมิติด้วยโปรแกรม Blender 3D ,คอมพิวเตอร์และเทคโนโลยี
การฟัง-พูดภาษาเกาหลี 1-2 (Korean Listening - Speaking 1-2),ภาษาและการสื่อสาร
อาหารนานาชาติ ,ศิลปวัฒนธรรมและศาสนา
จริยธรรมการวิจัยในมนุษย์เบื้องต้น ,ทักษะชีวิตและการพัฒนาตนเอง
คนสร้างอาชีพ ,ทักษะชีวิตและการพัฒนาตนเอง
การประยุกต์ใช้โปรแกรมออนไลน์ในการจัดการเรียนการสอนด้วยแนวคิดเกมมิฟิเคชัน ,ธุรกิจและการบริหารจัดการ
ธุรกิจบริการสปาและการประยุกต์งานแพทย์แผนไทย ,ธุรกิจและการบริหารจัดการ
ความรู้เบื้องต้นเกี่ยวกับระบบเอดูเทนเมนต์ ปาร์ก ,การศึกษาและการฝึกอบรม
ภาษาอังกฤษเพื่อการพยาบาลพื้นฐาน ,ภาษาและการสื่อสาร
การถ่ายภาพทางอากาศยานโดยอากาศยานไร้คนขับ (โดรน) ,คอมพิวเตอร์และเทคโนโลยี
การเพิ่มประสิทธิภาพการทำงานด้วยปัญญาประดิษฐ์ ,คอมพิวเตอร์และเทคโนโลยี
การออกแบบและพัฒนาสิ่งแวดล้อมทางการเรียนรู้สำหรับการเรียนรู้ยุคใหม่,การศึกษาและการฝึกอบรม
ภาษาอังกฤษเพื่อการสื่อสาร ,ภาษาและการสื่อสาร
วิทยาการข้อมูล ,คอมพิวเตอร์และเทคโนโลยี
การจัดการวัฒนธรรมเพื่อการท่องเที่ยว ,ศิลปวัฒนธรรมและศาสนา
เทคนิคการถ่ายภาพในแบบสื่อสาธารณะ ,ทักษะชีวิตและการพัฒนาตนเอง
การสร้างต้นแบบโมเดลธุรกิจอย่างมืออาชีพ ,ธุรกิจและการบริหารจัดการ
ความรู้เกี่ยวกับกระบวนการยุติธรรมทางอาญาในการดำเนินคดีทุจริตและประพฤติมิชอบ ,สังคม การเมืองการปกครอง
การประยุกต์ใช้ไอโอทีสำหรับธุรกิจ ,คอมพิวเตอร์และเทคโนโลยี
การสร้างเครือข่ายด้วยการสื่อสารผ่านสื่อสังคมออนไลน์ ,คอมพิวเตอร์และเทคโนโลยี
โปรแกรมคอมพิวเตอร์และขั้นตอนวิธีทางคอมพิวเตอร์ ,คอมพิวเตอร์และเทคโนโลยี
จริยธรรมการใช้เทคโนโลยีสารสนเทศ ,คอมพิวเตอร์และเทคโนโลยี
การคิดสร้างสรรค์เพื่อการพัฒนาตนเอง ,ทักษะชีวิตและการพัฒนาตนเอง
ประวัติศาสตร์ยุโรป ,สังคม การเมืองการปกครอง
เทคโนโลยีซ่อมบำรุงโรงงาน ,คณิตศาสตร์และวิทยาศาสตร์
การคิดสร้างสรรค์ ,ทักษะชีวิตและการพัฒนาตนเอง
การจัดการสารสนเทศสำนักงาน ,ธุรกิจและการบริหารจัดการ
จิตวิทยาพัฒนาการวัยรุ่น ,สุขภาพและการแพทย์
การพัฒนาสมรรถนะครูในยุคดิจิทัล ,การศึกษาและการฝึกอบรม
ภาษาเกาหลี ระดับกลาง 2 ,ภาษาและการสื่อสาร
นวัตกรรมการเรียนรู้ในงานอาชีวศึกษา ,คอมพิวเตอร์และเทคโนโลยี
นวัตกรรมและเทคโนโลยีสารสนเทศเพื่อการเรียนรู้,คอมพิวเตอร์และเทคโนโลยี
การสร้างเว็บไซต์พาณิชย์อิเล็กทรอนิกส์ ตอบโจทย์ธุรกิจออนไลน์ ,คอมพิวเตอร์และเทคโนโลยี
ทักษะนักข่าวในยุคดิจิทัล ,ภาษาและการสื่อสาร
การเรียนรู้บอร์ดอาร์ดุยโน่ด้วยโปรแกรม Tinkercad สำหรับระบบฟาร์มอัจฉริยะ ,คอมพิวเตอร์และเทคโนโลยี
เศรษฐศาสตร์ตลาดการเงิน ,ธุรกิจและการบริหารจัดการ
การตรวจมะเร็งในช่องปากด้วยตนเอง ,สุขภาพและการแพทย์
สื่อพลเมือง ,ทักษะชีวิตและการพัฒนาตนเอง
การดูแลผู้สูงอายุ 1 ,สุขภาพและการแพทย์
การสร้างนวัตกรรมทางการศึกษาด้วยเทคโนโลยี Augmented Reality ,คอมพิวเตอร์และเทคโนโลยี
Data + AI for Communication: การใช้ข้อมูลและปัญญาประดิษฐ์สำหรับวิสาหกิจขนาดกลางและขนาดย่อม ,ธุรกิจและการบริหารจัดการ
การส่งเสริมสุขภาพจิตผู้สูงอายุด้วยเทคนิคแบบบูรณาการสำหรับผู้ดูแลผู้สูงอายุ ,สุขภาพและการแพทย์
โลจิสติกส์และโซ่อุปทานเบื้องต้น ,ธุรกิจและการบริหารจัดการ
ปศุสัตว์สร้างอาชีพ ,เกษตรและสิ่งแวดล้อม
การแปรรูปอาหาร ,ทักษะชีวิตและการพัฒนาตนเอง
สิทธิมนุษยชนในกระบวนการยุติธรรม ,สังคม การเมืองการปกครอง
คอมพิวเตอร์เพื่อการพูดและการนำเสนอ ,คอมพิวเตอร์และเทคโนโลยี
อนามัยสิ่งแวดล้อมพื้นฐาน ,สุขภาพและการแพทย์
การปลูกพืชเบื้องต้น ,เกษตรและสิ่งแวดล้อม
พื้นฐานนักออกแบบแฟชั่นสำหรับชุมชน ,ทักษะชีวิตและการพัฒนาตนเอง
การจัดการเลี้ยงดูสัตว์เลี้ยงสวยงาม ,เกษตรและสิ่งแวดล้อม
Online Classroom ห้องเรียนยุคใหม่ ,การศึกษาและการฝึกอบรม
ภาษาอังกฤษพื้นฐาน ,ภาษาและการสื่อสาร
เทคโนโลยีเสริมการสอน ในยุค Digital ,การศึกษาและการฝึกอบรม
การถ่ายภาพบุคคล ,ทักษะชีวิตและการพัฒนาตนเอง
จริยธรรมและวิชาชีพสื่อมวลชน ,ทักษะชีวิตและการพัฒนาตนเอง
Data + AI for Communication: เครื่องมือปัญญาประดิษฐ์สำหรับวิเคราะห์ข้อมูลพฤติกรรมผู้บริโภคเชิงลึก ,ธุรกิจและการบริหารจัดการ
สาธารณสุขสร้างสุขชุมชน ,สุขภาพและการแพทย์
ระบบเครือข่ายคอมพิวเตอร์ขั้นพื้นฐาน ,คอมพิวเตอร์และเทคโนโลยี
Data + AI for Communication: PDPA การคุ้มครองข้อมูลส่วนบุคคล เตรียมความพร้อมเพื่อโอกาสทางธุรกิจ ,ธุรกิจและการบริหารจัดการ
ภาษาอังกฤษสำหรับธุรกิจโรงแรม ,ธุรกิจและการบริหารจัดการ
การตลาดท่องเที่ยวอย่างรับผิดชอบ ,ธุรกิจและการบริหารจัดการ
ไพธอนพื้นฐานสำหรับผู้เริ่มต้น ,คอมพิวเตอร์และเทคโนโลยี
การวิเคราะห์เชิงลึกอภิมหาข้อมูล ,คอมพิวเตอร์และเทคโนโลยี
การออกแบบและสร้างสื่อ Interactive เพื่อการเรียนการสอนบน Smartphone,การศึกษาและการฝึกอบรม
ภาษาอังกฤษสำหรับนักคอมพิวเตอร์ ,ภาษาและการสื่อสาร
องค์การแห่งการเรียนรู้ ,การศึกษาและการฝึกอบรม
การออกแบบองค์กรดิจิทัล ,คอมพิวเตอร์และเทคโนโลยี
ความร่วมมือในการรักษาด้วยยา ,สุขภาพและการแพทย์
ยุทธศาสตร์ชาติและการนำไปสู่การปฏิบัติ ,สังคม การเมืองการปกครอง
เภสัชบำบัดในโรคไตเรื้อรัง ,สุขภาพและการแพทย์
การผลิตสื่อโฆษณาที่ปลอดภัยและสร้างสรรค์ : ความคาดหวังของสังคมต่อโฆษณา ,ธุรกิจและการบริหารจัดการ
เทคนิคการเล่นเทนนิสเบื้องต้น ,การศึกษาและการฝึกอบรม
ความรู้เกี่ยวกับการดำเนินคดีแพ่งให้หน่วยงานของรัฐ ,สังคม การเมืองการปกครอง
วิทยาการข้อมูลเบื้องต้น ,คอมพิวเตอร์และเทคโนโลยี
การเรียนรู้ออนไลน์ด้านเอชไอวี/เอดส์ สำหรับเจ้าหน้าที่ภาคสนามและแกนนำ เพื่อเข้าถึงกลุ่ม MSM/TG,สุขภาพและการแพทย์
โปรแกรมไพทอนสำหรับวิทยาการข้อมูล ,คอมพิวเตอร์และเทคโนโลยี
ภาษาอังกฤษสำหรับเภสัชกร ,สุขภาพและการแพทย์
มวยไทยขั้นพื้นฐาน ,ศิลปวัฒนธรรมและศาสนา
การเตรียมพร้อมเข้าสู่วัยผู้สูงอายุ ,ทักษะชีวิตและการพัฒนาตนเอง
เคมีทั่วไป (General Chemistry),คณิตศาสตร์และวิทยาศาสตร์
การต้อนรับผู้มาเยือนบนเรือสำหรับเจ้าหน้าที่ประจำเรือ ,ภาษาและการสื่อสาร
เทคโนโลยีสารสนเทศสำหรับปัจจุบันและอนาคต ,คอมพิวเตอร์และเทคโนโลยี
เป้าหมายการพัฒนาที่ยั่งยืนของสหประชาชาติ และการนำไปใช้ปฏิบัติกับองค์กรภาคธุรกิจ ,ธุรกิจและการบริหารจัดการ
ดูแลใส่ใจวัยสูงอายุ ,สุขภาพและการแพทย์
การออกแบบรายวิชา Thai MOOC ,การศึกษาและการฝึกอบรม
การดูแลสุขวิทยาส่วนบุคคลและการเคลื่อนย้ายผู้สูงอายุสำหรับผู้ดูแลผู้สูงอายุ ,สุขภาพและการแพทย์
การแสดงและกำกับการแสดง ,ศิลปวัฒนธรรมและศาสนา
การจัดการการเปลี่ยนแปลงมิติด้านการบริหารและการจัดการภาครัฐ ,สังคม การเมืองการปกครอง
กลยุทธ์ต้นทุนพิชิตกําไร ,ธุรกิจและการบริหารจัดการ
Google Tools เพื่อการพัฒนางาน ,คอมพิวเตอร์และเทคโนโลยี
เทคนิคการวิเคราะห์เบื้องต้น (ตอนที่ 2) ,คณิตศาสตร์และวิทยาศาสตร์
ทักษะคอมพิวเตอร์และเทคโนโลยีสารสนเทศและการสื่อสาร,คอมพิวเตอร์และเทคโนโลยี
Young Smart Farmer ยุคไทยแลนด์ 4.0 ,เกษตรและสิ่งแวดล้อม
สุขภาวะกายและจิต ,สุขภาพและการแพทย์
การสาธารณสุขพื้นฐาน ,สุขภาพและการแพทย์
การเลี้ยงสัตว์เบื้องต้น ,เกษตรและสิ่งแวดล้อม
การคิดเชิงระบบ ,ทักษะชีวิตและการพัฒนาตนเอง
การท่องเที่ยวโดยชุมชน ,ธุรกิจและการบริหารจัดการ
เทคโนโลยีขับเคลื่อนครัวโลก ,คอมพิวเตอร์และเทคโนโลยี
สร้างแบรนด์ดีด้วย R.I.C.H. ,ทักษะชีวิตและการพัฒนาตนเอง
การออกแบบและผลิตรายวิชา MOOC ,การศึกษาและการฝึกอบรม
การเรียนรู้ตามรอยพระยุคลบาท ,สังคม การเมืองการปกครอง
การบริหารค่าตอบแทน ,ธุรกิจและการบริหารจัดการ
การแสวงหาความรู้สำหรับผู้เรียนในศตวรรษที่ 21 (Knowledge Inquiry for development the 21st Century Skills),คอมพิวเตอร์และเทคโนโลยี
เทคโนโลยีทางภาพถ่ายเพื่อสื่อสารการศึกษา ,คอมพิวเตอร์และเทคโนโลยี
สื่อสารด้วยภาษากัมพูชาง่ายนิดเดียว ,ภาษาและการสื่อสาร
สร้างสรรค์สื่อวีดิทัศน์ยุคใหม่ ,คณิตศาสตร์และวิทยาศาสตร์
การเลี้ยงผึ้งชันโรง ,เกษตรและสิ่งแวดล้อม
เขียนแบบสถาปัตยกรรม ,การศึกษาและการฝึกอบรม
การผลิตสื่อโฆษณาที่ปลอดภัยและสร้างสรรค์ : โฆษณาสร้างสรรค์ ,ธุรกิจและการบริหารจัดการ
การใช้สื่อออนไลน์ในฐานะพลเมืองดิจิทัล (สำหรับคนหูหนวก),คอมพิวเตอร์และเทคโนโลยี
จริยธรรมทางธุรกิจ ,ธุรกิจและการบริหารจัดการ
การถ่ายภาพขั้นสูงเพื่องานโฆษณา ,ธุรกิจและการบริหารจัดการ
ภาษามลายูเพื่อการสื่อสาร ,ภาษาและการสื่อสาร
"ภูมิปัญญาท้องถิ่น ""ว่าวเบอร์อามัส"" ",ศิลปวัฒนธรรมและศาสนา
การพยาบาลพื้นฐาน ,สุขภาพและการแพทย์
การถ่ายภาพขั้นสูง ,การศึกษาและการฝึกอบรม
คอมพิวเตอร์สารสนเทศขั้นพื้นฐาน ,การศึกษาและการฝึกอบรม
ปริมาณสารสัมพันธ์ ,คณิตศาสตร์และวิทยาศาสตร์
การป้องกันภาวะสมองเสื่อม ,สุขภาพและการแพทย์
การผลิตรายการโทรทัศน์ ,คอมพิวเตอร์และเทคโนโลยี
การสร้างทีมงานเพื่อพัฒนางานแบบมืออาชีพ ,ธุรกิจและการบริหารจัดการ
จลนพลศาสตร์และการออกแบบเครื่องปฏิกรณ์ทางวิศวกรรมเคมี ,วิศวกรรมและสถาปัตยกรรม
ปัญญาประดิษฐ์ทางการศึกษา ,คณิตศาสตร์และวิทยาศาสตร์
เศรษฐกิจพอเพียง ,ทักษะชีวิตและการพัฒนาตนเอง
พลวัตการเรียนรู้กับการสร้างค่านิยม ,การศึกษาและการฝึกอบรม
วิกฤตการณ์โลกร้อนและการแก้ปัญหา ,คณิตศาสตร์และวิทยาศาสตร์
ชุมชนไอดอล ,สังคม การเมืองการปกครอง
การใช้เทคโนโลยีดิจิทัลเพื่อการติดต่อสื่อสารและการสร้างสรรค์งานสำหรับผู้ดูแลผู้สูงอายุ ,ทักษะชีวิตและการพัฒนาตนเอง
การผ่าตัดแบบแผลเล็ก ,สุขภาพและการแพทย์
การรู้เทคโนโลยีสารสนเทศ ,คอมพิวเตอร์และเทคโนโลยี
หมากล้อมกับการพัฒนาความคิดทางธุรกิจ ,ธุรกิจและการบริหารจัดการ
ก้าวสู่การเป็นนักวิเคราะห์และออกแบบระบบมืออาชีพ ,คอมพิวเตอร์และเทคโนโลยี
การใช้ Google App for Education สำหรับการจัดการห้องเรียน ,คอมพิวเตอร์และเทคโนโลยี
เทคโนโลยีกับการเรียนรู้ของเกษตรกรดิจิทัล ,คอมพิวเตอร์และเทคโนโลยี
การทำงานร่วมกันแบบออนไลน์ด้วย กูเกิลด็อก กูเกิลชีท กูเกิลสไลด์ ,การศึกษาและการฝึกอบรม
การพัฒนาเส้นทางการท่องเที่ยวเชิงสร้างสรรค์ ,ทักษะชีวิตและการพัฒนาตนเอง
เทคนิควิธีการจัดการเรียนรู้,การศึกษาและการฝึกอบรม
การจัดการเรียนรู้เสริมภาษาอังกฤษด้วยเกมออนไลน์ ,ภาษาและการสื่อสาร
หลักการใช้ภาษาไทยสำหรับครู ,ภาษาและการสื่อสาร
ภูมิปัญญาไทยกับการดูแลผู้สูงอายุสำหรับผู้ดูแลผู้สูงอายุ ,สุขภาพและการแพทย์
ระบบสารสนเทศกับการจัดการความรู้ในยุคดิจิทัล ,การศึกษาและการฝึกอบรม
ทักษะการเขียนโปรแกรมคอมพิวเตอร์ด้วยภาษาซี ,คอมพิวเตอร์และเทคโนโลยี
ปัญญาประดิษฐ์เพื่องานธุรกิจ ,คณิตศาสตร์และวิทยาศาสตร์
การสืบค้นข้อมูลเพื่อการค้นคว้าและเขียนรายงาน ,คอมพิวเตอร์และเทคโนโลยี
การเปลี่ยนผ่านการเงินดิจิทัล ,ธุรกิจและการบริหารจัดการ
การเป็นผู้ประกอบการในศตวรรษที่ 21 ,ธุรกิจและการบริหารจัดการ
เทคโนโลยีสารสนเทศและการสื่อสารเพื่อการศึกษา ,คอมพิวเตอร์และเทคโนโลยี
การเตรียมสอบประกาศนียบัตร MOS : MS Excel 2013 ,คอมพิวเตอร์และเทคโนโลยี
สหกิจศึกษากับการพัฒนาทักษะการทำงานในศตวรรษที่ 21 ,ทักษะชีวิตและการพัฒนาตนเอง
ทักษะทางสังคม ,ทักษะชีวิตและการพัฒนาตนเอง
Data + AI for Communication: Chatbot โดยไม่ต้องเขียนโปรแกรม ,ธุรกิจและการบริหารจัดการ
การจัดการเรียนรู้วิชาวิทยาศาสตร์แบบสะเต็มศึกษา ,คณิตศาสตร์และวิทยาศาสตร์
ทบทวนความรู้ ไมโครซอฟท์ เอ็กซ์เซลล์ เพื่อการทดสอบโดย Microsoft Office Specialist (MOS) Certificate ,คอมพิวเตอร์และเทคโนโลยี
ภาษาอังกฤษสู่โลกกว้าง ,ภาษาและการสื่อสาร
การคิดแก้ปัญหาเชิงสร้างสรรค์ ,ทักษะชีวิตและการพัฒนาตนเอง
กลยุทธ์การบริหารร้านค้าปลีกอย่างมืออาชีพ ,ธุรกิจและการบริหารจัดการ
สตาร์ทอัพ มุ่งสู่ฝัน ,ธุรกิจและการบริหารจัดการ
การบริหารความเสี่ยงดิจิทัล ,ธุรกิจและการบริหารจัดการ
แนวทางเวชปฏิบัติโรคพิษสุนัขบ้า ,สุขภาพและการแพทย์
การสร้างและจัดการรายวิชา MOOC (StudioX-Thai),การศึกษาและการฝึกอบรม
โลจิสติกส์และธุรกิจระหว่างประเทศเบื้องต้น ,ธุรกิจและการบริหารจัดการ
แคลคูลัสสำหรับวิศวกร ,วิศวกรรมและสถาปัตยกรรม
หลักเกณฑ์วิธีการที่ดีในการผลิตอาหาร ,ธุรกิจและการบริหารจัดการ
การดูแลโภชนาการอย่างปลอดภัยและถูกสุขอนามัยสำหรับผู้ดูแลผู้สูงอายุ ,สุขภาพและการแพทย์
สู่การเป็นนักพัฒนาเว็บ : การสร้างหน้าเว็บเบื้องต้นด้วย HTML และ CSS ,คอมพิวเตอร์และเทคโนโลยี
อาหารเพื่อสุขภาพ ,สุขภาพและการแพทย์
ภาวะผู้นำกับความรับผิดชอบต่อหน้าที่ ,การศึกษาและการฝึกอบรม
ภัยพิบัติใกล้ตัว ,วิศวกรรมและสถาปัตยกรรม
เทคนิคการนำเสนออย่างมีประสิทธิภาพ ,ทักษะชีวิตและการพัฒนาตนเอง
การถ่ายภาพด้วยเทคนิคสร้างสรรค์ ,ทักษะชีวิตและการพัฒนาตนเอง
กู้ชีพกู้ใจ...ใครๆ ก็ทำได้ ,สุขภาพและการแพทย์
การประยุกต์ใช้งานและอันตรายของแม่เหล็กไฟฟ้า ,คอมพิวเตอร์และเทคโนโลยี
ภาษาอังกฤษสำหรับสำนักงาน ,ภาษาและการสื่อสาร
สุดยอดแนวคิดธุรกิจยุคดิจิทัล ,ธุรกิจและการบริหารจัดการ
เศรษฐศาสตร์เพื่อการดำเนินชีวิตอย่างมีความสุข ,ธุรกิจและการบริหารจัดการ
ทักษะความเข้าใจ การใช้เทคโนโลยีดิจิทัล และความมั่นคงปลอดภัยทางไซเบอร์ ,คอมพิวเตอร์และเทคโนโลยี
การสร้างวีดิทัศน์สำหรับรายวิชา MOOC (VideoX-Thai),การศึกษาและการฝึกอบรม
การบอกทิศทางระหว่างเดินเรือ ,ภาษาและการสื่อสาร
ความรู้ในการสร้างพื้นที่ปลอดโรคพิษสุนัขบ้า ,สุขภาพและการแพทย์
กระบวนการวิเคราะห์ข้อมูลเบื้องต้น ,คณิตศาสตร์และวิทยาศาสตร์
การอ่านแบบ เขียนแบบทางวิศวกรรมโยธา ,วิศวกรรมและสถาปัตยกรรม
การสร้างสรรค์สื่อดิจิทัลบนเครือข่ายสังคมออนไลน์ ,คอมพิวเตอร์และเทคโนโลยี
ความรู้เรื่องการเงินสำหรับผู้ดูแลผู้สูงอายุ ,ทักษะชีวิตและการพัฒนาตนเอง
การพัฒนาระบบเตือนภัยอิเล็กทรอนิกส์ ,คอมพิวเตอร์และเทคโนโลยี
การเป็นผู้นำการเปลี่ยนแปลงที่มีประสิทธิภาพ ,ธุรกิจและการบริหารจัดการ
สถิติและการวิเคราะห์ข้อมูลเบื้องต้น ,คณิตศาสตร์และวิทยาศาสตร์
การผลิตวรรณกรรมสำหรับเด็กและเยาวชน Generation ใหม่,การศึกษาและการฝึกอบรม
พลังงานทดแทน ,เกษตรและสิ่งแวดล้อม
แคลคูลัสพื้นฐาน ,คณิตศาสตร์และวิทยาศาสตร์
การออกแบบวงจรลำดับ ,วิศวกรรมและสถาปัตยกรรม
ความรู้เบื้องต้นการวิเคราะห์ข้อมูลบนสื่อสังคมออนไลน์ ,การศึกษาและการฝึกอบรม
การผลิตสื่อออนไลน์คณิตศาสตร์สำหรับผู้บกพร่องทางการมองเห็น ,การศึกษาและการฝึกอบรม
การออกแบบ Infographic ,คอมพิวเตอร์และเทคโนโลยี
รู้รอบด้านการนำเสนอ ,การศึกษาและการฝึกอบรม
การออกแบบและผลิตสื่อมัลติมีเดียการศึกษา,การศึกษาและการฝึกอบรม
Data + AI for Communication: แนวทางการใช้ข้อมูลและเครื่องมือปัญญาประดิษฐ์สำหรับองค์กรด้านการสื่อสาร ,ธุรกิจและการบริหารจัดการ
สุขภาพจิตกับกิจกรรมการดำเนินชีวิต เพื่อการเพิ่มประสิทธิภาพการทำงานของบุคลากรภาครัฐ ,สังคม การเมืองการปกครอง
ฟิสิกส์ระดับมหาวิทยาลัย: การสั่นและคลื่นกล ,คณิตศาสตร์และวิทยาศาสตร์
ไอทีเพื่อการบริหารจัดการ ,ธุรกิจและการบริหารจัดการ
โปรแกรมคอมพิวเตอร์สำเร็จรูป ,คอมพิวเตอร์และเทคโนโลยี
